input_id,link,title,category,address,open_hours,popular_times,website,phone,plus_code,review_count,review_rating,reviews_per_rating,latitude,longitude,cid,status,descriptions,reviews_link,thumbnail,timezone,price_range,data_id,place_id,images,reservations,order_online,menu,owner,complete_address,about,user_reviews,user_reviews_extended,emails
1c40c51f-a39f-468b-b8c4-704ac10251f3,https://www.google.com/maps/place/Corrucrete+UHPC+Cladding+%26+Roofs/data=!4m7!3m6!1s0x882eb1f430c00001:0xa8d16c13dac522ab!8m2!3d43.3572694!4d-81.0046316!16s%2Fg%2F11y3wf82fz!19sChIJAQDAMPSxLogRqyLF2hNs0ag?authuser=0&hl=en&rclk=1,Corrucrete UHPC Cladding & Roofs,Roofing contractor,"193 Lorne Ave W, Stratford, ON N4Z 1G1","{""Friday"":[""9 a.m.–5 p.m.""],""Monday"":[""9 a.m.–5 p.m.""],""Saturday"":[""Closed""],""Sunday"":[""Closed""],""Thursday"":[""9 a.m.–5 p.m.""],""Tuesday"":[""9 a.m.–5 p.m.""],""Wednesday"":[""9 a.m.–5 p.m.""]}",{},http://corrucrete.com/,+1 888-808-2110,"9X4W+W4 Stratford, Ontario",0,0.000000,"{""1"":0,""2"":0,""3"":0,""4"":0,""5"":0}",43.357269,-81.004632,12164622901034951339,,,,https://streetviewpixels-pa.googleapis.com/v1/thumbnail?panoid=kfyuKvkHF7dXmjA7p8tVYA&cb_client=search.gws-prod.gps&w=408&h=240&yaw=210.7017&pitch=0&thumbfov=100,America/Toronto,,0x882eb1f430c00001:0xa8d16c13dac522ab,ChIJAQDAMPSxLogRqyLF2hNs0ag,"[{""title"":""All"",""image"":""https://streetviewpixels-pa.googleapis.com/v1/thumbnail?panoid=kfyuKvkHF7dXmjA7p8tVYA\u0026cb_client=maps_sv.tactile.gps\u0026w=224\u0026h=298\u0026yaw=210.7017\u0026pitch=0\u0026thumbfov=100""},{""title"":""Street View \u0026 360°"",""image"":""https://streetviewpixels-pa.googleapis.com/v1/thumbnail?panoid=kfyuKvkHF7dXmjA7p8tVYA\u0026cb_client=maps_sv.tactile.gps\u0026w=224\u0026h=298\u0026yaw=210.7017\u0026pitch=0\u0026thumbfov=100""}]",null,null,"{""link"":"""",""source"":""""}","{""id"":"""",""name"":""Corrucrete UHPC Cladding \u0026 Roofs (Owner)"",""link"":""""}","{""borough"":"""",""street"":""193 Lorne Ave W"",""city"":""Stratford"",""postal_code"":""N4Z 1G1"",""state"":""Ontario"",""country"":""CA""}",null,[],null,
1c40c51f-a39f-468b-b8c4-704ac10251f3,https://www.google.com/maps/place/G+%26+Amp+N+Roofing+%26+Amp+Snow+Removal/data=!4m7!3m6!1s0x882eb30b4243b625:0x9a75e2c3c9e8b2a1!8m2!3d43.3806159!4d-81.0011001!16s%2Fg%2F11swz3rvb5!19sChIJJbZDQguzLogRobLoycPidZo?authuser=0&hl=en&rclk=1,G & Amp N Roofing & Amp Snow Removal,Roofing contractor,"499 Hibernia St, Stratford, ON N5A 5W2","{""Friday"":[""7:30 a.m.–5 p.m.""],""Monday"":[""7:30 a.m.–5 p.m.""],""Saturday"":[""Closed""],""Sunday"":[""Closed""],""Thursday"":[""7:30 a.m.–5 p.m.""],""Tuesday"":[""7:30 a.m.–5 p.m.""],""Wednesday"":[""7:30 a.m.–5 p.m.""]}",{},,(519) 273-5858,"9XJX+6H Stratford, Ontario",0,0.000000,"{""1"":0,""2"":0,""3"":0,""4"":0,""5"":0}",43.380616,-81.001100,11130051384650019489,,,,https://streetviewpixels-pa.googleapis.com/v1/thumbnail?panoid=mraGoF6VYLxbWJUvHQcJCg&cb_client=search.gws-prod.gps&w=408&h=240&yaw=223.40161&pitch=0&thumbfov=100,America/Toronto,,0x882eb30b4243b625:0x9a75e2c3c9e8b2a1,ChIJJbZDQguzLogRobLoycPidZo,"[{""title"":""All"",""image"":""https://streetviewpixels-pa.googleapis.com/v1/thumbnail?panoid=mraGoF6VYLxbWJUvHQcJCg\u0026cb_client=maps_sv.tactile.gps\u0026w=224\u0026h=298\u0026yaw=223.40161\u0026pitch=0\u0026thumbfov=100""},{""title"":""Street View \u0026 360°"",""image"":""https://streetviewpixels-pa.googleapis.com/v1/thumbnail?panoid=mraGoF6VYLxbWJUvHQcJCg\u0026cb_client=maps_sv.tactile.gps\u0026w=224\u0026h=298\u0026yaw=223.40161\u0026pitch=0\u0026thumbfov=100""}]",null,null,"{""link"":"""",""source"":""""}","{""id"":""110711154963328495699"",""name"":""G \u0026 Amp N Roofing \u0026 Amp Snow Removal (Owner)"",""link"":""https://www.google.com/maps/contrib/110711154963328495699""}","{""borough"":"""",""street"":""499 Hibernia St"",""city"":""Stratford"",""postal_code"":""N5A 5W2"",""state"":""Ontario"",""country"":""CA""}",null,[],null,
1c40c51f-a39f-468b-b8c4-704ac10251f3,https://www.google.com/maps/place/Goliath+Roofing+-+Roof+Installations+and+Skylights/data=!4m7!3m6!1s0x882ead0516d554cb:0xd974e334cab4449!8m2!3d43.3715439!4d-80.9718676!16s%2Fg%2F11qgt_b8sf!19sChIJy1TVFgWtLogRSUSrTDNOlw0?authuser=0&hl=en&rclk=1,Goliath Roofing - Roof Installations and Skylights,Roofing contractor,"356 Ontario St Suite 145, Stratford, ON N5A 7X6","{""Friday"":[""6 a.m.–6 p.m.""],""Monday"":[""6 a.m.–6 p.m.""],""Saturday"":[""Closed""],""Sunday"":[""Closed""],""Thursday"":[""6 a.m.–6 p.m.""],""Tuesday"":[""6 a.m.–6 p.m.""],""Wednesday"":[""6 a.m.–6 p.m.""]}",{},http://www.goliathroofing.ca/,(519) 955-6266,"92CH+J7 Stratford, Ontario",44,4.900000,"{""1"":0,""2"":1,""3"":1,""4"":0,""5"":42}",43.371544,-80.971868,979337426212963401,,,,https://streetviewpixels-pa.googleapis.com/v1/thumbnail?panoid=rFZmOi3H23mT0uvMGjdx-g&cb_client=search.gws-prod.gps&w=408&h=240&yaw=249.83652&pitch=0&thumbfov=100,America/Toronto,,0x882ead0516d554cb:0xd974e334cab4449,ChIJy1TVFgWtLogRSUSrTDNOlw0,"[{""title"":""All"",""image"":""https://streetviewpixels-pa.googleapis.com/v1/thumbnail?panoid=rFZmOi3H23mT0uvMGjdx-g\u0026cb_client=maps_sv.tactile.gps\u0026w=224\u0026h=298\u0026yaw=249.83652\u0026pitch=0\u0026thumbfov=100""},{""title"":""Street View \u0026 360°"",""image"":""https://streetviewpixels-pa.googleapis.com/v1/thumbnail?panoid=rFZmOi3H23mT0uvMGjdx-g\u0026cb_client=maps_sv.tactile.gps\u0026w=224\u0026h=298\u0026yaw=249.83652\u0026pitch=0\u0026thumbfov=100""}]",null,null,"{""link"":"""",""source"":""""}","{""id"":""110593776983437167496"",""name"":""Goliath Roofing - Roof Installations and Skylights (Owner)"",""link"":""https://www.google.com/maps/contrib/110593776983437167496""}","{""borough"":"""",""street"":""356 Ontario St Suite 145"",""city"":""Stratford"",""postal_code"":""N5A 7X6"",""state"":""Ontario"",""country"":""CA""}",null,"[{""Name"":""Sam Theocharis"",""ProfilePicture"":""https://lh3.googleusercontent.com/a/ACg8ocKvLxvnOjM04YK7_qee-FmbnEKKBqFy7s8_D_q-c0III67WGw=s120-c-rp-mo-ba3-br100"",""Rating"":5,""Description"":""I just want to mention how impressed I was with Goliath roofing.   I contacted them regarding an issue I was having with a roof Brad and Kyle attended immediately.  I wanted the roof replaced the beginning of January and they accepted the challenge. Because of the extreme weather we were having it took a little longer to replace but I was kept updated every step of the way.  These guys are amazing. -15 to -20 temperatures and high winds the boys finished the job where others would have waited.  I can’t say enough about this company and the workers.  I will definitely recommend this company to anyone."",""Images"":null,""When"":""""},{""Name"":""miranda campbell"",""ProfilePicture"":""https://lh3.googleusercontent.com/a-/ALV-UjUlJ9Kkj-0pMyFBxILFG-Y7OrSjZ6D74vVMoBO4p-7lm-me03k=s120-c-rp-mo-br100"",""Rating"":5,""Description"":""The Goliath roofing company has been professional, responsive, and easy to communicate with from the beginning. They provided a clear estimate, answered all my questions, and made scheduling simple. Their customer service already stands out, and based on how organized and helpful they’ve been, I feel confident I chose the right roofing company."",""Images"":null,""When"":""""},{""Name"":""Amy Thomasson"",""ProfilePicture"":""https://lh3.googleusercontent.com/a-/ALV-UjWXqDY4dmmP5e4UsbTGcwk79sCOOx081KUK_xvstRBeF0oeKoH3=s120-c-rp-mo-br100"",""Rating"":5,""Description"":""Goliath Roofing was so helpful when I needed ice and snow removal due to major heat loss and icedamming this winter. Mike and Richard and their crew were efficient and conscientious, taking great care of my home and clearly communicating through the process even though I was not on site."",""Images"":null,""When"":""""},{""Name"":""Kirkwood Lajeunesse"",""ProfilePicture"":""https://lh3.googleusercontent.com/a/ACg8ocLzIMvupl09HZL5Xx_Pk8GeW5J-MDPqYMLeA2BDgBf1VQ83QQ=s120-c-rp-mo-br100"",""Rating"":5,""Description"":""Look no further if you need a great roofing company.  Goliath came highly recommended and our expectations were exceeded.  We had a challenging repair job on our 120 year old Ontario Cottage in Clinton after a storm, and Goliath went above and beyond fixing it quickly.  They took care to do things properly and made sure they communicated to me when they had to make a couple of changes.  Highly recommend and I'll definitely be using them again in the future."",""Images"":null,""When"":""""},{""Name"":""Hugh Hunter"",""ProfilePicture"":""https://lh3.googleusercontent.com/a/ACg8ocLvVHLN3XzoHQ_8FZNA874vtoxVEcdMb5n14wIiS_i2spYpaw=s120-c-rp-mo-br100"",""Rating"":5,""Description"":""I am very happy with the work done by the Goliath crew in re-roofing my Stratford garage and workshop.. They showed up for work exactly at the time I was given earlier by email. They were courteous and paid attention to details. I was impressed when the company owner showed up the day after completion to confirm that work and clean up were first rate."",""Images"":null,""When"":""""},{""Name"":""Matthew Martin"",""ProfilePicture"":""https://lh3.googleusercontent.com/a/ACg8ocIIadH5kFRBpWv38d1IkgevVCqB7mWChdqMsXong6dLWxOjTA=s120-c-rp-mo-br100"",""Rating"":5,""Description"":""We have used Goliath roofing on multiple projects and have been beyond pleased with the service, high quality work completed in a very quick time frame. They completed siding and roofing jobs for us. Would highly recommend!"",""Images"":null,""When"":""""},{""Name"":""Marilyn Price"",""ProfilePicture"":""https://lh3.googleusercontent.com/a-/ALV-UjULPQLLcQta3hxNOrGb41PLvvcLqxWlg2kT8JU5hFPvy2p-2BI=s120-c-rp-mo-br100"",""Rating"":5,""Description"":""Brad was very helpful in getting right out to us to get us an estimate on our shed roof, worked with our budget and had the work completed by his roofing team within a very reasonable time. Great guy to work with and a great experience with Goliath Roofing! Thanks Brad!"",""Images"":null,""When"":""""},{""Name"":""GL Travel Photography"",""ProfilePicture"":""https://lh3.googleusercontent.com/a/ACg8ocIxu4qzF25wbL1JBamHjZ5DzlbWxedhdWOwl8ul2g2T-68bkg=s120-c-rp-mo-br100"",""Rating"":5,""Description"":""The new steel roof looks great \u0026 we are all so thankful that we got Goliath to do our roof.  Please also note that everyone at Goliath was helpful \u0026 informative from start to finish and we are so excited to give the Goliath team 5/5 stars!!!"",""Images"":null,""When"":""""}]",null,
1c40c51f-a39f-468b-b8c4-704ac10251f3,https://www.google.com/maps/place/Highlander+Roofing+Ltd/data=!4m7!3m6!1s0x882eadfe4218d585:0x2ea332bc35564e7f!8m2!3d43.3599969!4d-80.9831919!16s%2Fg%2F1vpfk57k!19sChIJhdUYQv6tLogRf05WNbwyoy4?authuser=0&hl=en&rclk=1,Highlander Roofing Ltd,Roofing contractor,"85 Blake St, Stratford, ON N5A 2C5",{},{},http://www.highlanderroofing.com/,(519) 273-2888,"9258+XP Stratford, Ontario",4,3.500000,"{""1"":1,""2"":0,""3"":1,""4"":0,""5"":2}",43.359997,-80.983192,3360585530878611071,,,,https://streetviewpixels-pa.googleapis.com/v1/thumbnail?panoid=YX5J7qgPjXmqZQS0_aIeug&cb_client=search.gws-prod.gps&w=408&h=240&yaw=255.71463&pitch=0&thumbfov=100,America/Toronto,,0x882eadfe4218d585:0x2ea332bc35564e7f,ChIJhdUYQv6tLogRf05WNbwyoy4,"[{""title"":""All"",""image"":""https://streetviewpixels-pa.googleapis.com/v1/thumbnail?panoid=YX5J7qgPjXmqZQS0_aIeug\u0026cb_client=maps_sv.tactile.gps\u0026w=224\u0026h=298\u0026yaw=255.71463\u0026pitch=0\u0026thumbfov=100""},{""title"":""Street View \u0026 360°"",""image"":""https://streetviewpixels-pa.googleapis.com/v1/thumbnail?panoid=YX5J7qgPjXmqZQS0_aIeug\u0026cb_client=maps_sv.tactile.gps\u0026w=224\u0026h=298\u0026yaw=255.71463\u0026pitch=0\u0026thumbfov=100""}]",null,null,"{""link"":"""",""source"":""""}","{""id"":"""",""name"":""Highlander Roofing Ltd (Owner)"",""link"":""""}","{""borough"":"""",""street"":""85 Blake St"",""city"":""Stratford"",""postal_code"":""N5A 2C5"",""state"":""Ontario"",""country"":""CA""}",null,"[{""Name"":""Joe Voisin"",""ProfilePicture"":""https://lh3.googleusercontent.com/a-/ALV-UjUFpcCV8XAn1GG4myaUfrttmTIUL78Uk0Ef3Ej-xBMpDFydqXdI=s120-c-rp-mo-ba2-br100"",""Rating"":1,""Description"":""Roof leaked the first rainfall, but Curtis was quick to fix the issue and I was satisfied. Fast forward a few years and the roof is leaking again.  Email is being ignored. So much for the 10 year workmanship warranty.  Will try calling this week but suspect he has walked away from the business. I even offered to pay for the repair.."",""Images"":null,""When"":""""},{""Name"":""Lonnie McCann"",""ProfilePicture"":""https://lh3.googleusercontent.com/a-/ALV-UjVyKNpf4iBp3tGKJGB0DMRlD4lvIawIKAX07JI1Afg5w3MX_7c=s120-c-rp-mo-ba4-br100"",""Rating"":3,""Description"":""E-mailed them using the address on there website.  No reply in 16 days.  Moving on."",""Images"":null,""When"":""""},{""Name"":""Rob Morrison"",""ProfilePicture"":""https://lh3.googleusercontent.com/a-/ALV-UjXK-WPVz4QueCIopniBzAyQ8FKdqQsROyTfMxBts035vXdrPcE8=s120-c-rp-mo-br100"",""Rating"":5,""Description"":"""",""Images"":null,""When"":""""},{""Name"":""Stuey Syetu"",""ProfilePicture"":""https://lh3.googleusercontent.com/a/ACg8ocLGsArfPUqMvGLBWP3PDsjIlPKTONJaNE6oaRaEvUljaDe-tQ=s120-c-rp-mo-br100"",""Rating"":5,""Description"":"""",""Images"":null,""When"":""""}]",null,
1c40c51f-a39f-468b-b8c4-704ac10251f3,https://www.google.com/maps/place/G+%26+N+Roofing+%26+Snowplowing/data=!4m7!3m6!1s0x882eaddd22269d7b:0x1d189ed7e4084f49!8m2!3d43.36516!4d-80.9623467!16s%2Fg%2F1hc3hxftl!19sChIJe50mIt2tLogRSU8I5NeeGB0?authuser=0&hl=en&rclk=1,G & N Roofing & Snowplowing,Roofing contractor,"107 Frederick St, Stratford, ON N5A 3V6",{},{},,(519) 273-5858,"928Q+33 Stratford, Ontario",4,4.000000,"{""1"":1,""2"":0,""3"":0,""4"":0,""5"":3}",43.365160,-80.962347,2096600276621872969,,,,https://streetviewpixels-pa.googleapis.com/v1/thumbnail?panoid=tVx2BVYFMQEvbzdL79ppGg&cb_client=search.gws-prod.gps&w=408&h=240&yaw=186.98363&pitch=0&thumbfov=100,America/Toronto,,0x882eaddd22269d7b:0x1d189ed7e4084f49,ChIJe50mIt2tLogRSU8I5NeeGB0,"[{""title"":""All"",""image"":""https://streetviewpixels-pa.googleapis.com/v1/thumbnail?panoid=tVx2BVYFMQEvbzdL79ppGg\u0026cb_client=maps_sv.tactile.gps\u0026w=224\u0026h=298\u0026yaw=186.98363\u0026pitch=0\u0026thumbfov=100""},{""title"":""Street View \u0026 360°"",""image"":""https://streetviewpixels-pa.googleapis.com/v1/thumbnail?panoid=tVx2BVYFMQEvbzdL79ppGg\u0026cb_client=maps_sv.tactile.gps\u0026w=224\u0026h=298\u0026yaw=186.98363\u0026pitch=0\u0026thumbfov=100""}]",null,null,"{""link"":"""",""source"":""""}","{""id"":"""",""name"":""G \u0026 N Roofing \u0026 Snowplowing (Owner)"",""link"":""""}","{""borough"":"""",""street"":""107 Frederick St"",""city"":""Stratford"",""postal_code"":""N5A 3V6"",""state"":""Ontario"",""country"":""CA""}",null,"[{""Name"":""Kevin Adams"",""ProfilePicture"":""https://lh3.googleusercontent.com/a/ACg8ocJ8U6VLvMelchi2zKWmEGi2ONx5mE1nM6MnxKbKqm40tNm-PA=s120-c-rp-mo-ba4-br100"",""Rating"":5,""Description"":""Mike and his crew do amazing work. Highly recommend them."",""Images"":null,""When"":""""},{""Name"":""gary lukas"",""ProfilePicture"":""https://lh3.googleusercontent.com/a/ACg8ocI1OnhZmuqPwY7aHioj2Y55x-qczKyeqxSrSaCvu6Efs39ysQ=s120-c-rp-mo-br100"",""Rating"":5,""Description"":""This company is currently roofing a neighbors home.  I have never seen such a professional job in my life. They are  precise and tidy and the only talking has been when they are calling out measurements. And no music blaring. Thanks guys and girls."",""Images"":null,""When"":""""},{""Name"":""maffar213"",""ProfilePicture"":""https://lh3.googleusercontent.com/a-/ALV-UjWEx3ABMTRiOfRl6lVgSI74L3U4yWm9e3RKtvCfYlRQsa6YonE=s120-c-rp-mo-br100"",""Rating"":1,""Description"":""Told me they would do a job in the spring and recommended a product to choose from on my roof and never got back to me."",""Images"":null,""When"":""""},{""Name"":""Mike Griffin"",""ProfilePicture"":""https://lh3.googleusercontent.com/a/ACg8ocJjmzOznwjsWZ783LeTQ-7-CFtLjSTYPy7m3Uvsi4NU8Uc56Q=s120-c-rp-mo-br100"",""Rating"":5,""Description"":"""",""Images"":null,""When"":""""}]",null,
1c40c51f-a39f-468b-b8c4-704ac10251f3,https://www.google.com/maps/place/M%26J+contracting/data=!4m7!3m6!1s0x3e63e8ffe6a02f5:0x3b81e66e0bf80511!8m2!3d43.7495983!4d-81.306699!16s%2Fg%2F11ry7d9p5v!19sChIJ9QJq_o8-5gMREQX4C27mgTs?authuser=0&hl=en&rclk=1,M&J contracting,Siding contractor,,{},{},https://mandjcontracting.ca/,,,45,4.400000,"{""1"":5,""2"":2,""3"":1,""4"":0,""5"":37}",43.749598,-81.306699,4287961680555017489,,,,https://lh3.googleusercontent.com/gps-cs-s/AHVAweqrBDVNFrx7va0dEdmuSYZfrVyEXPzgvZrMUMONY-bomrY7V7qjqj_P9EiigQyJZgAjfa-QqYNsMmy7fCFvdPzAQArYAhk94MvyXOjiAEQFqc1p5ZeDEciqcV5ULKi__KbJ7TR_eQ=w408-h306-k-no,America/Toronto,,0x3e63e8ffe6a02f5:0x3b81e66e0bf80511,ChIJ9QJq_o8-5gMREQX4C27mgTs,"[{""title"":""All"",""image"":""https://lh3.googleusercontent.com/gps-cs-s/AHVAweqrBDVNFrx7va0dEdmuSYZfrVyEXPzgvZrMUMONY-bomrY7V7qjqj_P9EiigQyJZgAjfa-QqYNsMmy7fCFvdPzAQArYAhk94MvyXOjiAEQFqc1p5ZeDEciqcV5ULKi__KbJ7TR_eQ=w397-h298-k-no""},{""title"":""Exterior"",""image"":""https://lh3.googleusercontent.com/gps-cs-s/AHVAwepqVuZMc3v1AGoqSrOrSOwD2I2uHdC3fjYmR_I3ze6sxhqt0PXOoAcyEHmdZQdpE1CgwXnYGiZZ1jpdLl1QQcrr4k9s-Kotbquho_n_WVZnvsqJBxeps5WXwju1T6dSRRjfEYHEQoGKDvkk=w397-h298-k-no""},{""title"":""Videos"",""image"":""https://lh3.googleusercontent.com/gps-cs-s/AHVAwerKqrR0hwGj9Qu912TkyXX4T6PTeGQ0LUZRCRZsOdlC9KaTkSh6mnoV2lM6YZw0kpJN1z2dI5xEKAadI9BVwfRLuPd9KmSFK8CWiRr97sF_gNzd9dJyVwatt4bW7uCxWq2NHkJSdA=w224-h398-k-no""},{""title"":""Inside"",""image"":""https://lh3.googleusercontent.com/gps-cs-s/AHVAwer8n_LAVpMX6heETbNSO-tPfPQVATPxH4PUza2JbaL3X2cEDY0xT44-TpyCXQrOYRFWqAlCE2EULbPbIqTBPJ8tJPOTABHGUtKr9dWahs8RkYbrgQkRODB0KrG9T039L8q1LLt7=w397-h298-k-no""},{""title"":""By owner"",""image"":""https://lh3.googleusercontent.com/gps-cs-s/AHVAweq31LKmlg07kSKsHHLSP51OESw6MtVnP5yi8LH_BD6kePzbrPi9PJ4HXDuwQPs51v64uL75p2b5yA6zC_fgv79U9RyrDJ6zrxTh1EcCs0V3wZAOS2IEWGB7i_tXJiBNN5SuAV17=w224-h398-k-no""}]",null,null,"{""link"":"""",""source"":""""}","{""id"":""118228367158626997427"",""name"":""M\u0026J contracting (Owner)"",""link"":""https://www.google.com/maps/contrib/118228367158626997427""}","{""borough"":"""",""street"":"""",""city"":"""",""postal_code"":"""",""state"":"""",""country"":""""}","[{""id"":""service_options"",""name"":""Service options"",""options"":[{""name"":""Online estimates"",""enabled"":true}]},{""id"":""crowd"",""name"":""Crowd"",""options"":[{""name"":""LGBTQ+ friendly"",""enabled"":true}]}]","[{""Name"":""Nadine"",""ProfilePicture"":""https://lh3.googleusercontent.com/a/ACg8ocK3pPYkO2eLHwFj-YL4R7O60ov0OdtBWevsx8ZjjQNp1NVSTA=s120-c-rp-mo-br100"",""Rating"":5,""Description"":""Mike and his team were amazing!! Their workmanship is stellar!  They delivered on everything that was agreed on. They worked in -33 degree weather and did a fantastic job!!  We are loving the results!! Highly recommend Mike."",""Images"":null,""When"":""""},{""Name"":""Judy Huxhold"",""ProfilePicture"":""https://lh3.googleusercontent.com/a-/ALV-UjXZOodNGDR1OV1L-sNqiLfjzBmonb2DbBShD0t6xpuwHYFXr_w=s120-c-rp-mo-br100"",""Rating"":5,""Description"":""My family and I are so grateful to Mike and his team for the work done on our home. We had major issues with leaking through the roof at various areas of the house. He has been excellent to deal with, respecting our timeline, finances, and opinions. He was here everyday making sure everything was done to a high standard!\nMike is true to his word and all the guys were thoughtful to our family and our home.\nHighly recommend M\u0026J Contracting for your renovation needs."",""Images"":null,""When"":""""},{""Name"":""Al Ex"",""ProfilePicture"":""https://lh3.googleusercontent.com/a-/ALV-UjUPLVPW_Nhht7Hln3EE-42wUgeoZ9_SovYd2XP86PEIJZLNcVlN=s120-c-rp-mo-br100"",""Rating"":5,""Description"":""I had an excellent experience with M\u0026J Contracting from start to finish. Their team was professional, punctual, and incredibly detail-oriented. They communicated clearly throughout the project and made sure everything was done exactly the way I wanted. The quality of the workmanship exceeded my expectations, and the job was completed on time and within budget. It’s rare to find a company that takes this much pride in their work. I would absolutely recommend them to anyone looking for reliable, high-quality contracting services."",""Images"":null,""When"":""""},{""Name"":""Ron Taylor"",""ProfilePicture"":""https://lh3.googleusercontent.com/a/ACg8ocI8TrKCftoqMMc5aNzgWPXQH12GzKhQCLaIpX5hOB5Xj5CXjw=s120-c-rp-mo-br100"",""Rating"":5,""Description"":""I called Mike to have snow and ice removed from my roof. He was quick to respond and was able to come the same day to assess the job and checked the insulation in the attic. They arrived the next day and cleared the snow and added some much needed insulation to bring it up to today's standards. Great crew. I will have him back in the spring for an eaves trough replacement quote."",""Images"":null,""When"":""""},{""Name"":""Bill Robin Mihaychuk"",""ProfilePicture"":""https://lh3.googleusercontent.com/a/ACg8ocLaXdB32I5hQzB7nNzd2GAwT8ehewZHxRaKLwi56uYOKLx2qw=s120-c-rp-mo-br100"",""Rating"":5,""Description"":""We had these guys do our siding soffit facia trough it was a mess. There was no ventilation Mike and the guys took care of it professionally and tackled any unseen circumstances that came their way with a smile on their face positive attitude these guys rock strongly recommend"",""Images"":null,""When"":""""},{""Name"":""Jackie Beattie"",""ProfilePicture"":""https://lh3.googleusercontent.com/a/ACg8ocL3DR3WQ5K5ALiQTpK3iLv3x2QzJcxXz441G78u0bIMIHeDirqf=s120-c-rp-mo-ba2-br100"",""Rating"":5,""Description"":""M \u0026 J contracting is an amazing company to deal with! Mike treats every job like it’s his own home. His crew are also very courteous and polite. They are replacing our soffit, fascia and trough. Steel roof as well. And full basement all due to water issues. I will definitely keep M \u0026 J in mind for any future projects!"",""Images"":null,""When"":""""},{""Name"":""Simon Arcila"",""ProfilePicture"":""https://lh3.googleusercontent.com/a/ACg8ocLdXh0QIbikYsZ_23mWQeCnpCzSK3m1oTWrf9Jb5GieVpjTeg=s120-c-rp-mo-br100"",""Rating"":5,""Description"":""Mike is a great person to deal with! Immediately helped to diagnose a leak and gave us an honest game plan to fix. Crew did good and efficient work!"",""Images"":null,""When"":""""},{""Name"":""Vinit More"",""ProfilePicture"":""https://lh3.googleusercontent.com/a-/ALV-UjUF4KxrAUhLuojUxyzb5uUcaCL8WScsA3nZFSHFNAfS3xHLrfeOow=s120-c-rp-mo-br100"",""Rating"":5,""Description"":""Great experience with M \u0026 J Contracting. The team was professional, reliable, and delivered high-quality workmanship. Communication was clear throughout the project, and everything was completed on time and as promised. I would definitely recommend them for any home renovation or exterior work."",""Images"":null,""When"":""""}]",null,
1c40c51f-a39f-468b-b8c4-704ac10251f3,https://www.google.com/maps/place/Two+and+a+Half+Men+Home+Maintenance/data=!4m7!3m6!1s0x882eadf973bdcbff:0x5dc8188f904812bf!8m2!3d43.3651092!4d-80.9825393!16s%2Fg%2F1q5bsvcxj!19sChIJ_8u9c_mtLogRvxJIkI8YyF0?authuser=0&hl=en&rclk=1,Two and a Half Men Home Maintenance,General contractor,"17 Argyle St, Stratford, ON N5A 2H4","{""Friday"":[""Open 24 hours""],""Monday"":[""Open 24 hours""],""Saturday"":[""9 a.m.–5 p.m.""],""Sunday"":[""Open 24 hours""],""Thursday"":[""Open 24 hours""],""Tuesday"":[""Open 24 hours""],""Wednesday"":[""Open 24 hours""]}",{},,(519) 703-0673,"9288+2X Stratford, Ontario",2,5.000000,"{""1"":0,""2"":0,""3"":0,""4"":0,""5"":2}",43.365109,-80.982539,6757678245749461695,,,,https://streetviewpixels-pa.googleapis.com/v1/thumbnail?panoid=hdt8d_4LRtilX2NwCSiubw&cb_client=search.gws-prod.gps&w=408&h=240&yaw=115.53387&pitch=0&thumbfov=100,America/Toronto,,0x882eadf973bdcbff:0x5dc8188f904812bf,ChIJ_8u9c_mtLogRvxJIkI8YyF0,"[{""title"":""All"",""image"":""https://streetviewpixels-pa.googleapis.com/v1/thumbnail?panoid=hdt8d_4LRtilX2NwCSiubw\u0026cb_client=maps_sv.tactile.gps\u0026w=224\u0026h=298\u0026yaw=115.53387\u0026pitch=0\u0026thumbfov=100""},{""title"":""Street View \u0026 360°"",""image"":""https://streetviewpixels-pa.googleapis.com/v1/thumbnail?panoid=hdt8d_4LRtilX2NwCSiubw\u0026cb_client=maps_sv.tactile.gps\u0026w=224\u0026h=298\u0026yaw=115.53387\u0026pitch=0\u0026thumbfov=100""}]",null,null,"{""link"":"""",""source"":""""}","{""id"":""106703348136623041387"",""name"":""Two and a Half Men Home Maintenance (Owner)"",""link"":""https://www.google.com/maps/contrib/106703348136623041387""}","{""borough"":"""",""street"":""17 Argyle St"",""city"":""Stratford"",""postal_code"":""N5A 2H4"",""state"":""Ontario"",""country"":""CA""}",null,"[{""Name"":""Don Major"",""ProfilePicture"":""https://lh3.googleusercontent.com/a/ACg8ocIvYFA_7VDWUQaZReDF5mIKx8CoIjYsvsD1UJxHc53PTUSWJA=s120-c-rp-mo-br100"",""Rating"":5,""Description"":"""",""Images"":null,""When"":""""},{""Name"":""Harrison Doersam"",""ProfilePicture"":""https://lh3.googleusercontent.com/a/ACg8ocKYsfJEiCqEXoaIVsjArFZ0C4onv-YgGFCbbgzokhp6DINDmA=s120-c-rp-mo-br100"",""Rating"":5,""Description"":"""",""Images"":null,""When"":""""}]",null,
1c40c51f-a39f-468b-b8c4-704ac10251f3,https://www.google.com/maps/place/Ben+Hymers+Roofing+Co/data=!4m7!3m6!1s0x882eadfb644a9e85:0xf10b45fb3d1d30c2!8m2!3d43.3633001!4d-80.9778697!16s%2Fg%2F11w4q6sjy5!19sChIJhZ5KZPutLogRwjAdPftFC_E?authuser=0&hl=en&rclk=1,Ben Hymers Roofing Co,Roofing contractor,"431 Downie St, Stratford, ON N5A 1X8",{},{},http://benhymersroofing.com/,(519) 504-8801,"927C+8V Stratford, Ontario",0,0.000000,"{""1"":0,""2"":0,""3"":0,""4"":0,""5"":0}",43.363300,-80.977870,17369053333248880834,,,,https://streetviewpixels-pa.googleapis.com/v1/thumbnail?panoid=U5FQjq0n7Qi53uhCn60p3Q&cb_client=search.gws-prod.gps&w=408&h=240&yaw=71.54346&pitch=0&thumbfov=100,America/Toronto,,0x882eadfb644a9e85:0xf10b45fb3d1d30c2,ChIJhZ5KZPutLogRwjAdPftFC_E,"[{""title"":""All"",""image"":""https://streetviewpixels-pa.googleapis.com/v1/thumbnail?panoid=U5FQjq0n7Qi53uhCn60p3Q\u0026cb_client=maps_sv.tactile.gps\u0026w=224\u0026h=298\u0026yaw=71.54346\u0026pitch=0\u0026thumbfov=100""},{""title"":""Street View \u0026 360°"",""image"":""https://streetviewpixels-pa.googleapis.com/v1/thumbnail?panoid=U5FQjq0n7Qi53uhCn60p3Q\u0026cb_client=maps_sv.tactile.gps\u0026w=224\u0026h=298\u0026yaw=71.54346\u0026pitch=0\u0026thumbfov=100""}]",null,null,"{""link"":"""",""source"":""""}","{""id"":"""",""name"":""Ben Hymers Roofing Co (Owner)"",""link"":""""}","{""borough"":"""",""street"":""431 Downie St"",""city"":""Stratford"",""postal_code"":""N5A 1X8"",""state"":""Ontario"",""country"":""CA""}",null,[],null,
1c40c51f-a39f-468b-b8c4-704ac10251f3,https://www.google.com/maps/place/Diamond+Cut+Roofing+%26+Exterior/data=!4m7!3m6!1s0x6e93ac862d50e087:0x941b1030b95d3104!8m2!3d43.3627094!4d-80.8523377!16s%2Fg%2F11vsrv3fcd!19sChIJh-BQLYask24RBDFduTAQG5Q?authuser=0&hl=en&rclk=1,Diamond Cut Roofing & Exterior,Roofing contractor,,{},{},https://www.diamondcutroofingandexterior.com/,(226) 921-5737,,39,4.900000,"{""1"":1,""2"":0,""3"":0,""4"":0,""5"":38}",43.362709,-80.852338,10672141543438889220,,,,https://lh3.googleusercontent.com/gps-cs-s/AHVAwepMfqAl5a9dGJ13VW9pFa5kC2wm_Zp5fzqxdOW3XLAC4dRNAC87C7DmGnF4A2YBLEc653gl1DWhG5IaLlJnP4xOH2ctDt98RW1vHdOn3BxLAQ5bhmExNXn6AiaC_ifLdWBdAFGqJw=w408-h544-k-no,America/Toronto,,0x6e93ac862d50e087:0x941b1030b95d3104,ChIJh-BQLYask24RBDFduTAQG5Q,"[{""title"":""All"",""image"":""https://lh3.googleusercontent.com/gps-cs-s/AHVAwepMfqAl5a9dGJ13VW9pFa5kC2wm_Zp5fzqxdOW3XLAC4dRNAC87C7DmGnF4A2YBLEc653gl1DWhG5IaLlJnP4xOH2ctDt98RW1vHdOn3BxLAQ5bhmExNXn6AiaC_ifLdWBdAFGqJw=w224-h298-k-no""},{""title"":""House"",""image"":""https://lh3.googleusercontent.com/gps-cs-s/AHVAweqC5odq6dFELKyqQbzOoQZCjBOuG4kpuew-zv6eWNpUL3T_g1wIoq8UOdswNCSC5VVKCZg_NdZHlnL_SFaOAsVyY8cDB9fdlaZTE3nu7jW6TmgY1S5g7z1gvBqsGMotIJ4U7_eG=w224-h298-k-no""},{""title"":""By owner"",""image"":""https://lh3.googleusercontent.com/gps-cs-s/AHVAweq1uEXwOHM8303GGwheGugvDYOv5vtExoWi5rT1H6EUmwtd5VqflLQVlKkLLGW_5jSrcp0UZ8iAMAhP3zeBFr__M8YUNmS9aZ5Mz5LHhzS_KrlP2PzsVnV3MXK2pzdvYmY9njvLxQ=w397-h298-k-no""}]",null,null,"{""link"":"""",""source"":""""}","{""id"":""105052528431017159307"",""name"":""Diamond Cut Roofing \u0026 Exterior (Owner)"",""link"":""https://www.google.com/maps/contrib/105052528431017159307""}","{""borough"":"""",""street"":"""",""city"":"""",""postal_code"":"""",""state"":"""",""country"":""""}",null,"[{""Name"":""Jenny Murch"",""ProfilePicture"":""https://lh3.googleusercontent.com/a-/ALV-UjUzVu7PREbW4pYeNfKAs0GVQcQQNROPjs9Ua_m7VB0yjx02WUl6=s120-c-rp-mo-br100"",""Rating"":5,""Description"":""Highly recommend. We had Damian and crew over to do ice and snow removal on our roof and gutters   Excellent work and great price. Great job. Will definitely hire them again."",""Images"":null,""When"":""""},{""Name"":""Connor Marois"",""ProfilePicture"":""https://lh3.googleusercontent.com/a-/ALV-UjUs4-5PDSJ4oPit4s4juuiE3vHfLvlhd5QDT_yFj2QybZhajJRV=s120-c-rp-mo-ba3-br100"",""Rating"":5,""Description"":""Damian \u0026 his team did a fantastic job removing the snow and ice dams from the roof of our tow houses in Stratford. They were quick to respond, tailored the quote to meet our needs, and were very communicative through the project. We would absolutely recommend them to others and definitely consider them for future roof work."",""Images"":[""www.google.com/local/imagery/report/?cb_client=maps_sv.tactile\u0026image_key=!1e10!2sCIHM0ogKEICAgMCQuoKq3AE\u0026fid=0x0:0x941b1030b95d3104""],""When"":""2025-3-3""},{""Name"":""Troy Chenard"",""ProfilePicture"":""https://lh3.googleusercontent.com/a/ACg8ocJyDEycRABWBUso7QBq7hBs_-gwyUU5FUJ5nRyF1t2d8Hntcg=s120-c-rp-mo-ba4-br100"",""Rating"":1,""Description"":""Learn how to drive. Doing burnouts in front of the LCBO after you grab your alcohol and then blow through the stop sign in front of the store. It’s not a good look on your company. Be mindful of other people and your surroundings."",""Images"":null,""When"":""""},{""Name"":""JJ Will"",""ProfilePicture"":""https://lh3.googleusercontent.com/a/ACg8ocK8YUCi9J6aJ9sOqDW0mcO5oeH6qLvj5l2p0atwlOvG0EMKMA=s120-c-rp-mo-br100"",""Rating"":5,""Description"":""Damian went above and beyond to help me. He was able to come fix my downspouts within 24 hours of calling him, and was so kind \u0026 courteous. He even noticed a piece of flashing had come off my elderly neighbour’s house and fixed it for free. I am glad he left business cards so I can give them to my friends, coworkers, \u0026 neighbours."",""Images"":null,""When"":""""},{""Name"":""Jan Saul"",""ProfilePicture"":""https://lh3.googleusercontent.com/a/ACg8ocJyfQfHJAZ9bwRIlsgXzMFeKfitKVOz5MSicD9WBAEtTAl55w=s120-c-rp-mo-br100"",""Rating"":5,""Description"":""Excellent customer service even on a holiday weekend! Damian came right over to inspect our roof. He and his crew worked tirelessly to remove heavy ice and snow buildup. Outstanding work ethic! We’re so lucky he was on our side dealing with multiple leaks and gave good advice! Thank you Damian!"",""Images"":null,""When"":""""},{""Name"":""Darren Petrie"",""ProfilePicture"":""https://lh3.googleusercontent.com/a/ACg8ocIJN2B5uDP3sNToMjehw-KBytOpQ6-dkf-NsskUEsMG6AV6bg=s120-c-rp-mo-br100"",""Rating"":5,""Description"":""Would highly recommend Damian and Diamond Cut Roofing for any repairs and /or roof replacement. Absolute professionals , great quality work done in a timely manner. Damian went above and beyond initial contract, he cares about the customer, cares about your concerns."",""Images"":null,""When"":""""},{""Name"":""hanna west"",""ProfilePicture"":""https://lh3.googleusercontent.com/a-/ALV-UjVInkR-KoOZY16KWJImTobhzxvTUFN2bRe0wKJCA1QB2zZcsqXU=s120-c-rp-mo-br100"",""Rating"":5,""Description"":""Damian and his crew did my moms roof and did an absolutely amazing job , thank you again 🙏🏼"",""Images"":null,""When"":""""},{""Name"":""Chantelle Nash"",""ProfilePicture"":""https://lh3.googleusercontent.com/a-/ALV-UjVo1SWBsbT8Furga2eIGLtg6W6lUOdJPKyOECm66hFqNnd9ZyHZ=s120-c-rp-mo-ba3-br100"",""Rating"":5,""Description"":""I had a small repair needed high up on my roof line and Diamond Cut handled it perfectly, great communication, flawless work and an all-around great team. I highly recommend them for any roof related work!"",""Images"":null,""When"":""""}]",null,
1c40c51f-a39f-468b-b8c4-704ac10251f3,https://www.google.com/maps/place/Cutting+Edge+Construction/data=!4m7!3m6!1s0x882ead971363e999:0xef5db1a08623568a!8m2!3d43.3842004!4d-80.9686458!16s%2Fg%2F12hld5qc7!19sChIJmeljE5etLogRilYjhqCxXe8?authuser=0&hl=en&rclk=1,Cutting Edge Construction,Bathroom remodeler,"31 Riehl Ct, Stratford, ON N5A 5C8","{""Friday"":[""9 a.m.–5 p.m.""],""Monday"":[""9 a.m.–5 p.m.""],""Saturday"":[""Closed""],""Sunday"":[""Closed""],""Thursday"":[""9 a.m.–5 p.m.""],""Tuesday"":[""9 a.m.–5 p.m.""],""Wednesday"":[""9 a.m.–5 p.m.""]}",{},http://www.cuttingedgeconst.ca/,(519) 301-5622,"92MJ+MG Stratford, Ontario",4,4.800000,"{""1"":0,""2"":0,""3"":0,""4"":1,""5"":3}",43.384200,-80.968646,17248137450902214282,,,,https://lh3.googleusercontent.com/gps-cs-s/AHVAweqFc9hBho-NLiPhBXjrG9I7N5bNUwlf7R0AU-7VmvJW_7iPZzGej1ZXfk39VgNZKEQtWApcxx2IiRsT8zNUwsIkQ3ByuFNOApuFARziUecbZ8O9zewSR2o2xH9i2Ug8IOfx08S5-et8Ubf-=w408-h283-k-no,America/Toronto,,0x882ead971363e999:0xef5db1a08623568a,ChIJmeljE5etLogRilYjhqCxXe8,"[{""title"":""All"",""image"":""https://lh3.googleusercontent.com/gps-cs-s/AHVAweqFc9hBho-NLiPhBXjrG9I7N5bNUwlf7R0AU-7VmvJW_7iPZzGej1ZXfk39VgNZKEQtWApcxx2IiRsT8zNUwsIkQ3ByuFNOApuFARziUecbZ8O9zewSR2o2xH9i2Ug8IOfx08S5-et8Ubf-=w429-h298-k-no""},{""title"":""Inside"",""image"":""https://lh3.googleusercontent.com/gps-cs-s/AHVAwep43CPQ0A-m_zL-Q-qHp7HwYtRj35Zfx80i6pWHcgQz2P3gfp9Z042oZnlnsLPXZ3lugulooWlS12LFsxTS2_8QXJTPmPlV5dvu84ywdy0yVkj_13po1dxp9i9SUQmaYYhqFIlfNjBWN7lU=w298-h298-k-no""},{""title"":""Kitchen"",""image"":""https://lh3.googleusercontent.com/gps-cs-s/AHVAweopAyOZxyjzkTCMk6B_aNfOYSvzIR51jwCvIhk03N18mwZQtfLkXHshsM-QljTbgeZ_zsfakcDm8X9PD01LwZGN_lAuv8wKxYU6MHHxbDURRSTtKC2Af4Xl5B9-wgrtnlW3AlRwPElI6fUm=w529-h298-k-no""},{""title"":""Bathroom"",""image"":""https://lh3.googleusercontent.com/gps-cs-s/AHVAweqNDI3RzbJaP8glSrhT3miGYQU39WfJRSZoiKjCL1l6MOAgntDIJofnYIv3WBru1CsjzV6hBmi8nBuSO-fYJyaETw0vK-q-Qf4ddasWrJaPvgsf2D5konIUxpigKamybeJ2rPLf17ELm-NP=w298-h298-k-no""},{""title"":""By owner"",""image"":""https://lh3.googleusercontent.com/gps-cs-s/AHVAwerijLgSJXz7YfM5uHC-NY864gd4fNfuzVoG619ynBdY_xW6EgdHEmeI5wSfOdeuQv9DoZfoqdghJawchPTvKpQYj-05JFCvN-KEVnmtyo8SDsGLviVYMWK-lxO6FdD72B_7dlDL5YJXBUME=w529-h298-k-no""},{""title"":""Street View \u0026 360°"",""image"":""https://streetviewpixels-pa.googleapis.com/v1/thumbnail?panoid=3Ee2uJ0eZ-arKGWfB9XpJQ\u0026cb_client=maps_sv.tactile.gps\u0026w=224\u0026h=298\u0026yaw=163.75766\u0026pitch=0\u0026thumbfov=100""}]",null,null,"{""link"":"""",""source"":""""}","{""id"":""101800133598617416382"",""name"":""Cutting Edge Construction (Owner)"",""link"":""https://www.google.com/maps/contrib/101800133598617416382""}","{""borough"":"""",""street"":""31 Riehl Ct"",""city"":""Stratford"",""postal_code"":""N5A 5C8"",""state"":""Ontario"",""country"":""CA""}","[{""id"":""service_options"",""name"":""Service options"",""options"":[{""name"":""Delivery"",""enabled"":true}]}]","[{""Name"":""Jared Fraser"",""ProfilePicture"":""https://lh3.googleusercontent.com/a-/ALV-UjVJJsKN8fGnpr0vbnIXiUmJAmSXU6o5erndt1JUw6lHUZG_4tE=s120-c-rp-mo-ba2-br100"",""Rating"":5,""Description"":""Great guy, better work. Would recommend to family and friends for sure!"",""Images"":null,""When"":""""},{""Name"":""Superbrowndude National_TRX"",""ProfilePicture"":""https://lh3.googleusercontent.com/a-/ALV-UjVwGdznE325dMEOSttq0BtWoV0RY0VOv6cxbbjsIG2yFwvOf30a=s120-c-rp-mo-ba5-br100"",""Rating"":5,""Description"":""Stellar service and great attention to detail!"",""Images"":null,""When"":""""},{""Name"":""Cindy Fostèr"",""ProfilePicture"":""https://lh3.googleusercontent.com/a/ACg8ocLQaGLNpZ_Cpo78tXZFnuT-RlzAlrH1kp9alWK6NM6qWnNbPw=s120-c-rp-mo-br100"",""Rating"":5,""Description"":""Carpenter Extraordinaire"",""Images"":null,""When"":""""},{""Name"":""Heather Gillespie"",""ProfilePicture"":""https://lh3.googleusercontent.com/a-/ALV-UjUrEwVpVT7rNeAxi686BuEGRGyn-UjUL3IU8_XATbq-Uc5IAevolg=s120-c-rp-mo-ba5-br100"",""Rating"":4,""Description"":"""",""Images"":null,""When"":""""}]",null,
1c40c51f-a39f-468b-b8c4-704ac10251f3,https://www.google.com/maps/place/Tri-County+Brick+Company/data=!4m7!3m6!1s0x882eae062f37f79d:0xe9ecf1d7e67e6f48!8m2!3d43.3542285!4d-80.9770637!16s%2Fg%2F1td7zqtt!19sChIJnfc3LwauLogRSG9-5tfx7Ok?authuser=0&hl=en&rclk=1,Tri-County Brick Company,Masonry supply store,"320 Home St, Stratford, ON N5A 2A5","{""Friday"":[""8 a.m.–4 p.m.""],""Monday"":[""8 a.m.–5 p.m.""],""Saturday"":[""9 a.m.–1 p.m.""],""Sunday"":[""Closed""],""Thursday"":[""8 a.m.–5 p.m.""],""Tuesday"":[""8 a.m.–5 p.m.""],""Wednesday"":[""8 a.m.–5 p.m.""]}","{""Friday"":{""10"":96,""11"":81,""12"":81,""13"":81,""14"":62,""15"":44,""16"":0,""17"":0,""18"":0,""19"":0,""20"":0,""21"":0,""22"":0,""23"":0,""6"":0,""7"":0,""8"":96,""9"":96},""Monday"":{""10"":100,""11"":92,""12"":92,""13"":96,""14"":85,""15"":85,""16"":74,""17"":0,""18"":0,""19"":0,""20"":0,""21"":0,""22"":0,""23"":0,""6"":0,""7"":0,""8"":92,""9"":92},""Saturday"":{""10"":44,""11"":40,""12"":51,""13"":0,""14"":0,""15"":0,""16"":0,""17"":0,""18"":0,""19"":0,""20"":0,""21"":0,""22"":0,""23"":0,""6"":0,""7"":0,""8"":0,""9"":48},""Sunday"":{},""Thursday"":{""10"":37,""11"":48,""12"":55,""13"":62,""14"":70,""15"":59,""16"":66,""17"":0,""18"":0,""19"":0,""20"":0,""21"":0,""22"":0,""23"":0,""6"":0,""7"":0,""8"":55,""9"":48},""Tuesday"":{""10"":48,""11"":55,""12"":59,""13"":44,""14"":48,""15"":55,""16"":66,""17"":0,""18"":0,""19"":0,""20"":0,""21"":0,""22"":0,""23"":0,""6"":0,""7"":0,""8"":55,""9"":55},""Wednesday"":{""10"":59,""11"":81,""12"":66,""13"":81,""14"":66,""15"":74,""16"":66,""17"":0,""18"":0,""19"":0,""20"":0,""21"":0,""22"":0,""23"":0,""6"":0,""7"":0,""8"":44,""9"":55}}",http://www.tricountybrick.com/,(519) 273-5151,"923F+M5 Stratford, Ontario",52,4.500000,"{""1"":3,""2"":1,""3"":2,""4"":8,""5"":38}",43.354228,-80.977064,16856113414928232264,,,,https://lh3.googleusercontent.com/gps-cs-s/AHVAweoto5bO9YAj1DZslHnwKttlwoCEPzqJwE-rUghE0I7VMRjFODbtqYAwz7teV0sKFnpAnCe_ffrNZwbFA5o17gzjbPkFnVG7-OpoizB1Yl_LL-GGFvcOxgg_TpixeN7H9wwTE94=w426-h240-k-no,America/Toronto,,0x882eae062f37f79d:0xe9ecf1d7e67e6f48,ChIJnfc3LwauLogRSG9-5tfx7Ok,"[{""title"":""All"",""image"":""https://lh3.googleusercontent.com/gps-cs-s/AHVAweoto5bO9YAj1DZslHnwKttlwoCEPzqJwE-rUghE0I7VMRjFODbtqYAwz7teV0sKFnpAnCe_ffrNZwbFA5o17gzjbPkFnVG7-OpoizB1Yl_LL-GGFvcOxgg_TpixeN7H9wwTE94=w529-h298-k-no""},{""title"":""Inside"",""image"":""https://lh3.googleusercontent.com/gps-cs-s/AHVAwerzUHbd0hJdo0ldlGXgBvdsC-kkjeyXSB0k5hbwdbNjYGRZtqCKcW5Vepw7ZbjQHaEwXsJ0u4VyMWGApc2RtqZpBiitkal4LStYsNVzqwKhPKknSkAZmB0VmqkJDrD5F2PDiDqx=w224-h298-k-no""},{""title"":""By owner"",""image"":""https://lh3.googleusercontent.com/gps-cs-s/AHVAwepJivPC4QZvsa32j8YNGqwAeHdzsU-Gsc-f9vsHrKhcsXJA4Y9og_41xwk25fZ3crKN4VuJic51SrCQpgQDcSUHON1GMpPDahDH_5BgKIKBPguQbuZ8-ob74c7h3tZoEbb_HXN0RQ=w224-h398-k-no""},{""title"":""Street View \u0026 360°"",""image"":""https://streetviewpixels-pa.googleapis.com/v1/thumbnail?panoid=mRTLYjCuRahUzaCn6Nv1hQ\u0026cb_client=maps_sv.tactile.gps\u0026w=224\u0026h=298\u0026yaw=245.47119\u0026pitch=0\u0026thumbfov=100""}]",null,null,"{""link"":"""",""source"":""""}","{""id"":""118309529186815067313"",""name"":""Tri-County Brick Company (Owner)"",""link"":""https://www.google.com/maps/contrib/118309529186815067313""}","{""borough"":"""",""street"":""320 Home St"",""city"":""Stratford"",""postal_code"":""N5A 2A5"",""state"":""Ontario"",""country"":""CA""}","[{""id"":""service_options"",""name"":""Service options"",""options"":[{""name"":""Delivery"",""enabled"":true},{""name"":""In-store pickup"",""enabled"":true},{""name"":""In-store shopping"",""enabled"":true}]},{""id"":""accessibility"",""name"":""Accessibility"",""options"":[{""name"":""Wheelchair-accessible entrance"",""enabled"":true},{""name"":""Wheelchair-accessible parking lot"",""enabled"":true}]},{""id"":""offerings"",""name"":""Offerings"",""options"":[{""name"":""Assembly service"",""enabled"":true}]},{""id"":""payments"",""name"":""Payments"",""options"":[{""name"":""Credit cards"",""enabled"":true},{""name"":""Debit cards"",""enabled"":true},{""name"":""NFC mobile payments"",""enabled"":true},{""name"":""Credit cards"",""enabled"":false}]},{""id"":""parking"",""name"":""Parking"",""options"":[{""name"":""Free parking lot"",""enabled"":true}]}]","[{""Name"":""Jane Bosman"",""ProfilePicture"":""https://lh3.googleusercontent.com/a-/ALV-UjW4Lg8S5l3KKcpXxAqDFf29RzFdnTUGBvdN_qn4zgmhgWofip-d=s120-c-rp-mo-ba2-br100"",""Rating"":5,""Description"":""I am not a designer and the thought of having to figure out what the exterior of our house should look like, terrified me! Stacey was great!! She walked us through the steps, took our ideas and helped us come up with something that we hoped would be great! The building is happening now and we are thrilled with the result! Can’t wait for the fireplaces to be built and for move in day!! Thanks Tri County for your help in making our home look warm and inviting and STUNNING!! Yay!!"",""Images"":[""www.google.com/local/imagery/report/?cb_client=maps_sv.tactile\u0026image_key=!1e10!2sCIHM0ogKEICAgIDXoJnXjgE\u0026fid=0x0:0xe9ecf1d7e67e6f48""],""When"":""2024-10-22""},{""Name"":""David"",""ProfilePicture"":""https://lh3.googleusercontent.com/a-/ALV-UjXzu_RRxKbHZXcj1VJVZkFFriqsHaUKB68IuBqGX0xpWBrYiaRp=s120-c-rp-mo-br100"",""Rating"":5,""Description"":""We have worked with Stacey, Kevin \u0026 team on two home construction projects involving exterior stone/brick, roofing \u0026 hardscaping + interior fireplace \u0026 skylight installs. Tri-County helped us with stone/brick selection \u0026 design ideas as well as assisting with some really tight project timelines. Quality and service has always been 100%. Great group to work with and Stacey has added incredible value with her design ideas, overall support \u0026 enthusiasm for our projects.\nDave \u0026 Sheila\nStratford"",""Images"":[""www.google.com/local/imagery/report/?cb_client=maps_sv.tactile\u0026image_key=!1e10!2sCIHM0ogKEICAgMCw5t6ZOA\u0026fid=0x0:0xe9ecf1d7e67e6f48""],""When"":""2025-3-18""},{""Name"":""Cassie Barclay"",""ProfilePicture"":""https://lh3.googleusercontent.com/a-/ALV-UjVdHmHOrmMzS6KT5ajKYF-rqmNQVNbpk1So0TdgGRExZ7hpfhELkg=s120-c-rp-mo-ba3-br100"",""Rating"":5,""Description"":""Got a new fireplace installed and it is so beautiful! Kevin was and continues to be responsive to questions and providing quick solutions when needed. Everything was completed within given timeline with other local companies who all did an awesome job. Would definitely recommend! Thank you Tri County Brick!"",""Images"":[""www.google.com/local/imagery/report/?cb_client=maps_sv.tactile\u0026image_key=!1e10!2sCIHM0ogKEICAgIDBo6aZUw\u0026fid=0x0:0xe9ecf1d7e67e6f48""],""When"":""2023-1-27""},{""Name"":""Amanda Bisson"",""ProfilePicture"":""https://lh3.googleusercontent.com/a/ACg8ocI8pKp-pHlTl9nk4uwZUToZpAnHXZuVFuf_CzH7JklofTyKcg=s120-c-rp-mo-br100"",""Rating"":5,""Description"":""Absolutely love the fireplace insert we got. The staff were so helpful. The show room was great to compare models and the technicians who installed the fireplace left the work area clean and tidy. Highly recommend Tri-County Brick."",""Images"":null,""When"":""""},{""Name"":""David Reid"",""ProfilePicture"":""https://lh3.googleusercontent.com/a/ACg8ocK4XqKDculVLj1QfIPp7qjqW9f4S8rgsO9ovZemYFb_VnaImg=s120-c-rp-mo-ba4-br100"",""Rating"":2,""Description"":""Had repair work done to a fireplace which we purchased from Tri-county several years ago.  Have generally been happy with the work and people I've dealt with but I am upset about their billing.  $149 minimum per hour.  First visit was maybe 30 minutes, which included a cleaning and diagnosis of a bad controller.  The controller had to be ordered in.  The tech added that note to the invoice but no one did anything about it.  I had to called back and get it ordered.   When it came in, it took them maybe 10 minutes max to replace it.  Once again, $149 for 10 minutes of work.  If the part had been in stock, they could have easily done both of these services in less than an hour.  In the end, they gouged me for an extra $150.  I'm sure it was worth it as I won't be doing any more business with them or recommending them to anyone.  So, if you like getting gouged, give them a call."",""Images"":null,""When"":""""},{""Name"":""Laura Nelson"",""ProfilePicture"":""https://lh3.googleusercontent.com/a/ACg8ocIAAhS3if_bVA7HCTOYhDDwBKGdXWGb4VlZTvFfCI1aOgI7Ers=s120-c-rp-mo-ba3-br100"",""Rating"":5,""Description"":""Amazing customer service! I called and spoke to Linda about an issue I was having with our natural gas fireplace. She gave me a tip to troubleshoot at home before sending guys out to run diagnostics/repair the issue. Her tip worked!! Very grateful to her."",""Images"":null,""When"":""""},{""Name"":""David"",""ProfilePicture"":""https://lh3.googleusercontent.com/a/ACg8ocK-L_LLHvzx3gXmC95kRE9liCvBz7LQasRw9ksMQ7jveSMNHg=s120-c-rp-mo-br100"",""Rating"":5,""Description"":""We worked with Kevin and his team to choose the perfect  fireplace for our project.  My wife and I could not be happier with the result.  True professionals..I highly recommend Tri County Brick!"",""Images"":null,""When"":""""},{""Name"":""Sandi Plewis"",""ProfilePicture"":""https://lh3.googleusercontent.com/a/ACg8ocLHqzXq-6Na7UGe3M_y-ZJKK7wP2xOT-JNHl0-3g73tLUhpqA=s120-c-rp-mo-br100"",""Rating"":5,""Description"":""I would recommend Tri-County Brick to anyone. I dealt with Kevin and he's friendly, efficient, and tuned in to his customer's needs and concerns. My fireplace was installed on time and the installers were great. The price, when compared with two other companies, was reasonable and the product was just what I had expected. There was a small issue (that I caused myself) but Kevin took care of it quickly and effectively. If I could give this company more than 5 stars, I certainly would. It's rare to find such excellence in customer service and I couldn't be more appreciative."",""Images"":null,""When"":""""}]",null,
1c40c51f-a39f-468b-b8c4-704ac10251f3,https://www.google.com/maps/place/Selvey+Roofing/data=!4m7!3m6!1s0x8c10cdf633dfa569:0x509416c0f6fc0f17!8m2!3d43.1781484!4d-80.8846885!16s%2Fg%2F11rv14s95c!19sChIJaaXfM_bNEIwRFw_89sAWlFA?authuser=0&hl=en&rclk=1,Selvey Roofing,Roofing contractor,,{},{},https://www.selveyroofing.ca/,(519) 801-7161,,12,5.000000,"{""1"":0,""2"":0,""3"":0,""4"":0,""5"":12}",43.178148,-80.884688,5806290837620657943,,,,https://lh3.googleusercontent.com/gps-cs-s/AHVAweo5B8s1OFeAP9R0Fzx7CBc0cPg6Bhp_JUtlACNkUqKCAzuBdWh7AXDHBO-OSdFOgSCtmfWiqDutFCfZSWIYCwGfXNrYfEq0-P5rYMxHdg-f1fkDDexGrlioQplGYCGrN1ulmYuW=w408-h544-k-no,America/Toronto,,0x8c10cdf633dfa569:0x509416c0f6fc0f17,ChIJaaXfM_bNEIwRFw_89sAWlFA,"[{""title"":""All"",""image"":""https://lh3.googleusercontent.com/gps-cs-s/AHVAweo5B8s1OFeAP9R0Fzx7CBc0cPg6Bhp_JUtlACNkUqKCAzuBdWh7AXDHBO-OSdFOgSCtmfWiqDutFCfZSWIYCwGfXNrYfEq0-P5rYMxHdg-f1fkDDexGrlioQplGYCGrN1ulmYuW=w224-h298-k-no""}]",null,null,"{""link"":"""",""source"":""""}","{""id"":""112235564469169713420"",""name"":""Selvey Roofing (Owner)"",""link"":""https://www.google.com/maps/contrib/112235564469169713420""}","{""borough"":"""",""street"":"""",""city"":"""",""postal_code"":"""",""state"":"""",""country"":""""}",null,"[{""Name"":""Neil Morrison"",""ProfilePicture"":""https://lh3.googleusercontent.com/a/ACg8ocL61wpRKAiLDNqzEbRveKs1w-pNty0-lx6IT0sjRps9hFvW_A=s120-c-rp-mo-br100"",""Rating"":5,""Description"":""Tim and his crew did a fantastic job with my roof. They also figured out some existing problems and fixed those issues. Follow up was excellent and they came and repaired another issue. Many thanks and I give Tim and the guys the highest possible recommendation!"",""Images"":null,""When"":""""},{""Name"":""Michael Davies"",""ProfilePicture"":""https://lh3.googleusercontent.com/a/ACg8ocIjKk1evV5P2jzNGltagmjVP331EzvQLqRigTO4W-eaqQ32ZA=s120-c-rp-mo-br100"",""Rating"":5,""Description"":""“Spread the word—Selvey Roofing is a true five-star company! Tim and his crew were friendly, professional, punctual, and completely hassle-free. They explained all the materials, walked me through the entire process, and their clean-up was impeccable. The quality of their work shows, and they delivered exactly what they promised. I’ll definitely keep them at the top of my list for any future roofing needs.”\n\nMike"",""Images"":null,""When"":""""},{""Name"":""Dan Myers"",""ProfilePicture"":""https://lh3.googleusercontent.com/a-/ALV-UjVVlNfzd2KVFwtAUcJx2e23otHlaBLGlbNXJdj7KbK3T84lilgJ0A=s120-c-rp-mo-ba3-br100"",""Rating"":5,""Description"":""I approached Tim because of his sweater and inquired about fixing a leak that had been haunting my house for years with unsuccessful repairs. Tim was on my roof/ in my home the same day inspecting the problem areas.\nWithin the week he had completed the repair, took lots of pictures and was able to give me an outlook on what next steps my roof would need in the future.\n\nAfter multiple companies promising to quote/ or look at my roof and not showing up or ghosting me, it was refreshing to have a company that seemed to care about my problem.\n\nHis team was professional, and knowledgable and their work was tidy.\n\nIt will be an absolute no brainer to recommend Selvey Roofing if anyone asks me, and they will be the first I contact when it comes to updating my roof."",""Images"":null,""When"":""""},{""Name"":""Cheryl Ford"",""ProfilePicture"":""https://lh3.googleusercontent.com/a/ACg8ocJQTMDO_gsmFXzQCkh2e6gptJv-qynchmPEqM_F4UJo3ewbZA=s120-c-rp-mo-br100"",""Rating"":5,""Description"":""Absolutely the best. Tim and his crew are true professionals in every sense of the word. They do an amazing job, offer great pricing, provide options, are courteous and caring, and make sure you are completely satisfied with the work done. I completely trust my slate roof to them and highly recommend them. Don't hesitate to call Selvey Roofing. They're the best!!"",""Images"":null,""When"":""""},{""Name"":""Victoria Logan"",""ProfilePicture"":""https://lh3.googleusercontent.com/a-/ALV-UjWFCef5T0eMOTtuNUyDmeK7hT9o2Yedpz6e4NeGQLMZ4VJe0fMd=s120-c-rp-mo-ba3-br100"",""Rating"":5,""Description"":""Selvey Roofing exceeded my expectations! From the initial consultation to the completion of the project, their team was professional, knowledgeable, and efficient. They provided clear communication throughout the process and delivered exceptional results. Our new roof looks fantastic, and I couldn't be happier with the quality of their workmanship. I highly recommend Selvey Roofing for anyone in need of roofing services. Thank you for a job well done!"",""Images"":null,""When"":""""},{""Name"":""J F"",""ProfilePicture"":""https://lh3.googleusercontent.com/a/ACg8ocKX3RPnUWBeC4ewQNFKPjFKsswLZ45IP0-tpTPeBlebKf0h4Q=s120-c-rp-mo-br100"",""Rating"":5,""Description"":""I recently had the pleasure of working with Selvey Roofing for a new roof installation, and I couldn't be happier with the results. From start to finish, their team demonstrated professionalism, expertise, and outstanding customer service.\n\nTim, in particular, was a pleasure to work with. He was attentive to my needs, answered all of my questions, and ensured that the entire process went smoothly. His attention to detail and commitment to customer satisfaction truly set Selvey Roofing apart.\n\nThe quality of their workmanship was exceptional, and my new roof looks fantastic. Not only does it enhance the curb appeal of my home, but I also have peace of mind knowing that it was installed with precision and care.\n\nI would highly recommend Selvey Roofing to anyone in need of roofing services. Their dedication to excellence and customer satisfaction is evident in every aspect of their work. Thank you, Selvey Roofing, for a job well done!"",""Images"":null,""When"":""""},{""Name"":""Deven"",""ProfilePicture"":""https://lh3.googleusercontent.com/a-/ALV-UjU50XOVblOB9ykpz3TM7DubF5hWChWIC2KOy-HuApxgsgofdod9=s120-c-rp-mo-br100"",""Rating"":5,""Description"":""Had Tim and his Guys do a steel roof, siding and some eaves for my family home! Haven't been happier with a company!\n\nHad the best pricing around and his team is very knowledgeable and professional!\n\nHighly recommend!"",""Images"":null,""When"":""""},{""Name"":""Jake Brazeau"",""ProfilePicture"":""https://lh3.googleusercontent.com/a/ACg8ocJcNvluJFhOzLlA73s7fNg2LkvKEZUXTnzMz2W6_G28zHBQAA=s120-c-rp-mo-br100"",""Rating"":5,""Description"":""Professional skilled individuals with a wide variety of skill assets.\nThey combine safety and honest assessments on every job.\nThanks guys you did a solid job on the eavestroughs."",""Images"":null,""When"":""""}]",null,
1c40c51f-a39f-468b-b8c4-704ac10251f3,https://www.google.com/maps/place/Hyde+Construction+Limited/data=!4m7!3m6!1s0x882eadc49350d1b7:0xa66a2290cfe33580!8m2!3d43.3673384!4d-80.9581551!16s%2Fg%2F11bx9xgd07!19sChIJt9FQk8StLogRgDXjz5AiaqY?authuser=0&hl=en&rclk=1,Hyde Construction Limited,Construction company,"258 Burritt St, Stratford, ON N5A 0E7","{""Friday"":[""8 a.m.–5 p.m.""],""Monday"":[""8 a.m.–5 p.m.""],""Saturday"":[""Closed""],""Sunday"":[""Closed""],""Thursday"":[""8 a.m.–5 p.m.""],""Tuesday"":[""8 a.m.–5 p.m.""],""Wednesday"":[""8 a.m.–5 p.m.""]}",{},http://www.hydeconstruction.com/,(519) 271-1771,"928R+WP Stratford, Ontario",8,4.500000,"{""1"":0,""2"":0,""3"":2,""4"":0,""5"":6}",43.367338,-80.958155,11991434963185776000,,,,https://lh3.googleusercontent.com/gps-cs-s/AHVAwepC_SDLNjqsbDvVkiS_f7an94Lv8dK0o_B225QGqUw7P7p21nVcA04PtIpTmXZRdW4c1nMAahCjviF9xxFYB96CuX6FsrXdAil9_vMb0HkC9UvM-nARp6XLIUPGVMun2bLkDe13yA=w426-h240-k-no,America/Toronto,,0x882eadc49350d1b7:0xa66a2290cfe33580,ChIJt9FQk8StLogRgDXjz5AiaqY,"[{""title"":""All"",""image"":""https://lh3.googleusercontent.com/gps-cs-s/AHVAwepC_SDLNjqsbDvVkiS_f7an94Lv8dK0o_B225QGqUw7P7p21nVcA04PtIpTmXZRdW4c1nMAahCjviF9xxFYB96CuX6FsrXdAil9_vMb0HkC9UvM-nARp6XLIUPGVMun2bLkDe13yA=w529-h298-k-no""},{""title"":""Construction"",""image"":""https://lh3.googleusercontent.com/gps-cs-s/AHVAwerQ2AQ72CkgnyLsVWN29bLDyhwL24KcYr9veqxPwGNEN9B7Y6TZNos_OiylhaWIuQmwufCWeiUDO8CfDAH2-FwsEst1OqeFPE00D_0_CzMgD2F8TmQsOt5_SaqrCReaJ4tX-2E7DQ=w397-h298-k-no""},{""title"":""By owner"",""image"":""https://lh3.googleusercontent.com/gps-cs-s/AHVAwepC_SDLNjqsbDvVkiS_f7an94Lv8dK0o_B225QGqUw7P7p21nVcA04PtIpTmXZRdW4c1nMAahCjviF9xxFYB96CuX6FsrXdAil9_vMb0HkC9UvM-nARp6XLIUPGVMun2bLkDe13yA=w529-h298-k-no""},{""title"":""Street View \u0026 360°"",""image"":""https://streetviewpixels-pa.googleapis.com/v1/thumbnail?panoid=mumuXmyVTMajzN4lksN6Kg\u0026cb_client=maps_sv.tactile.gps\u0026w=224\u0026h=298\u0026yaw=313.16534\u0026pitch=0\u0026thumbfov=100""}]",null,null,"{""link"":"""",""source"":""""}","{""id"":"""",""name"":""Hyde Construction Limited (Owner)"",""link"":""""}","{""borough"":"""",""street"":""258 Burritt St"",""city"":""Stratford"",""postal_code"":""N5A 0E7"",""state"":""Ontario"",""country"":""CA""}","[{""id"":""accessibility"",""name"":""Accessibility"",""options"":[{""name"":""Wheelchair-accessible entrance"",""enabled"":true},{""name"":""Wheelchair-accessible parking lot"",""enabled"":true}]}]","[{""Name"":""Carmen Zammit"",""ProfilePicture"":""https://lh3.googleusercontent.com/a/ACg8ocLd1Pfblqvc2AAHsMa7HzYmE0eGvHSWGGMZvaqrDPggPCin1g=s120-c-rp-mo-ba4-br100"",""Rating"":5,""Description"":""Very friendly and intelligent staff."",""Images"":null,""When"":""""},{""Name"":""Lydiaobeauty"",""ProfilePicture"":""https://lh3.googleusercontent.com/a-/ALV-UjXLSVfubMHgDOnzcOfTJTCvp0xnbZWotHy_J5duXv86uCq7Xpy0-g=s120-c-rp-mo-ba4-br100"",""Rating"":3,""Description"":""Just checking the area out. Nice"",""Images"":null,""When"":""""},{""Name"":""Betty Paynter"",""ProfilePicture"":""https://lh3.googleusercontent.com/a-/ALV-UjVqNNLLVlqp9H1xJVOHCAw1XAC9I6fevhJxDWHqLRhYLLX2khUO=s120-c-rp-mo-ba4-br100"",""Rating"":5,""Description"":""It's my home 😍"",""Images"":null,""When"":""""},{""Name"":""Reg Dupuis"",""ProfilePicture"":""https://lh3.googleusercontent.com/a-/ALV-UjXCgMJMx3gxUl8nXAB7w-uALoPAo3g737W5aMSGORPbNU1uKxs4=s120-c-rp-mo-ba3-br100"",""Rating"":5,""Description"":""Very professional"",""Images"":null,""When"":""""},{""Name"":""Joyce Van Norden"",""ProfilePicture"":""https://lh3.googleusercontent.com/a/ACg8ocKVX1DbKmaBVj-jdRQ2uEaYBVZfeKc--K1HlBGKSaQ9FwHZ1Q=s120-c-rp-mo-br100"",""Rating"":3,""Description"":"""",""Images"":null,""When"":""""},{""Name"":""Chris Moon"",""ProfilePicture"":""https://lh3.googleusercontent.com/a/ACg8ocIdpp4qU-VCSOJGNmonRo7qF59vXefPmATmdNt35hwsXqnMug=s120-c-rp-mo-ba4-br100"",""Rating"":5,""Description"":"""",""Images"":null,""When"":""""},{""Name"":""Adam Douglas"",""ProfilePicture"":""https://lh3.googleusercontent.com/a/ACg8ocKHvldN4ncYrZhcDRglmMjOvP8HOQnf1TNNx26dF28LM82bHA=s120-c-rp-mo-br100"",""Rating"":5,""Description"":"""",""Images"":null,""When"":""""},{""Name"":""Elena Toropova"",""ProfilePicture"":""https://lh3.googleusercontent.com/a-/ALV-UjUHktuo21AvqIz4PO3QK1AQlnJtXjvkQ-h4vYkRjPM_fjw4CGyi=s120-c-rp-mo-ba6-br100"",""Rating"":5,""Description"":"""",""Images"":null,""When"":""""}]",null,
1c40c51f-a39f-468b-b8c4-704ac10251f3,https://www.google.com/maps/place/Professional+Choice+Renovations/data=!4m7!3m6!1s0x882ead912e13f895:0x89fe3af16c8f89e2!8m2!3d43.3830431!4d-80.9705654!16s%2Fg%2F1tcv6z8f!19sChIJlfgTLpGtLogR4omPbPE6_ok?authuser=0&hl=en&rclk=1,Professional Choice Renovations,Roofing contractor,"145 Bedford Dr, Stratford, ON N5A 5J7",{},{},,(519) 272-2008,"92MH+6Q Stratford, Ontario",3,3.700000,"{""1"":1,""2"":0,""3"":0,""4"":0,""5"":2}",43.383043,-80.970565,9943449835863509474,,,,https://streetviewpixels-pa.googleapis.com/v1/thumbnail?panoid=t6gQADMv6q-uRodhG8OKIQ&cb_client=search.gws-prod.gps&w=408&h=240&yaw=178.66563&pitch=0&thumbfov=100,America/Toronto,,0x882ead912e13f895:0x89fe3af16c8f89e2,ChIJlfgTLpGtLogR4omPbPE6_ok,"[{""title"":""All"",""image"":""https://streetviewpixels-pa.googleapis.com/v1/thumbnail?panoid=t6gQADMv6q-uRodhG8OKIQ\u0026cb_client=maps_sv.tactile.gps\u0026w=224\u0026h=298\u0026yaw=178.66563\u0026pitch=0\u0026thumbfov=100""},{""title"":""Street View \u0026 360°"",""image"":""https://streetviewpixels-pa.googleapis.com/v1/thumbnail?panoid=t6gQADMv6q-uRodhG8OKIQ\u0026cb_client=maps_sv.tactile.gps\u0026w=224\u0026h=298\u0026yaw=178.66563\u0026pitch=0\u0026thumbfov=100""}]",null,null,"{""link"":"""",""source"":""""}","{""id"":"""",""name"":""Professional Choice Renovations (Owner)"",""link"":""""}","{""borough"":"""",""street"":""145 Bedford Dr"",""city"":""Stratford"",""postal_code"":""N5A 5J7"",""state"":""Ontario"",""country"":""CA""}",null,"[{""Name"":""Christian Lyons"",""ProfilePicture"":""https://lh3.googleusercontent.com/a-/ALV-UjUiYzMyGhCiVNz4FKOi8sPdkFowoFYbvtRTqxWTYoSi77JrnQgm=s120-c-rp-mo-br100"",""Rating"":1,""Description"":""Last summer tried and tried to have Craig do work, very disapointing. ....so this past April thought I would try again. I knew what outside work had to be done before fall.We came up with plans and that was it. We could not get together...he would forget to call back ( more than once ). Forget to come over.So on. and on ..now it's almost July. Heard negative reports from others since then. I've hired another company."",""Images"":null,""When"":""""},{""Name"":""Kathryn Miller"",""ProfilePicture"":""https://lh3.googleusercontent.com/a/ACg8ocJZfqCEZ3fYiJ9xFnqpkqO_zHx23ipmUeQoZ9us6o1ZGLSr5Q=s120-c-rp-mo-ba2-br100"",""Rating"":5,""Description"":""Chris and Professional Choice Renovations did a fantastic job completing our home addition. Not only did Chris build the room but also brought unique design ideas to life."",""Images"":null,""When"":""""},{""Name"":""Louise Manning"",""ProfilePicture"":""https://lh3.googleusercontent.com/a-/ALV-UjVdcqpgNxlVKDOCprtlm1Xtj62kgrxxqwoy30TeihyBaNwKAwQ=s120-c-rp-mo-br100"",""Rating"":5,""Description"":"""",""Images"":null,""When"":""""}]",null,
